{
    "project_file": "/home/andres/Desktop/transcriber/projects/Blowinginthewind.json",
    "video_file": "/home/andres/Desktop/transcriber/videos/Blowinginthewind.mov",
    "n_holes": 10,
    "harm_size": 21,
    "harm_offset": 0.14,
    "tab_size": 23,
    "tab_offset": 0.09999999999999998,
    "transparency": 0.13,
    "shade_top": 0.20999999999999996,
    "shade_bottom": 1.0,
    "rotation": 0,
    "tab_font": 31,
    "onsets": [
        77,
        76,
        76,
        74,
        77,
        76,
        79,
        79,
        79,
        79,
        77,
        79,
        79,
        79,
        72,
        71,
        72,
        74,
        74,
        76,
        77,
        76,
        72,
        74,
        76,
        74,
        76,
        77,
        77,
        76,
        74,
        77,
        79,
        76,
        72,
        74,
        76,
        79,
        77,
        79,
        81,
        79,
        77,
        76,
        79,
        79,
        81,
        79,
        79,
        79,
        76,
        72,
        74,
        76,
        79,
        77,
        79,
        81
    ],
    "times_onsets": [
        33.64,
        30.4,
        30.17,
        29.3,
        23.03,
        22.74,
        21.67,
        21.5,
        15.46,
        15.17,
        10.84,
        2.76,
        2.53,
        1.52,
        39.37,
        36.65,
        35.82,
        35.16,
        34.36,
        33.98,
        32.86,
        32.46,
        30.92,
        30.63,
        29.69,
        28.01,
        27.58,
        27.33,
        26.58,
        26.09,
        23.4,
        21.91,
        20.51,
        20.18,
        18.57,
        18.28,
        18.04,
        17.25,
        16.81,
        16.57,
        15.79,
        14.33,
        13.89,
        13.54,
        11.08,
        10.52,
        9.56,
        9.27,
        9.02,
        8.16,
        7.65,
        6.27,
        5.94,
        5.71,
        4.61,
        4.3,
        4.04,
        3.05
    ],
    "alt_tabs": [
        0,
        0,
        0,
        0,
        0,
        0,
        0,
        0,
        0,
        0,
        0,
        0,
        0,
        0,
        0,
        0,
        0,
        0,
        0,
        0,
        0,
        0,
        0,
        0,
        0,
        0,
        0,
        0,
        0,
        0,
        0,
        0,
        0,
        0,
        0,
        0,
        0,
        0,
        0,
        0,
        0,
        0,
        0,
        0,
        0,
        0,
        0,
        0,
        0,
        0,
        0,
        0,
        0,
        0,
        0,
        0,
        0,
        0
    ],
    "tabs": [
        "-5",
        "5",
        "5",
        "-4",
        "-5",
        "5",
        "6",
        "6",
        "6",
        "6",
        "-5",
        "6",
        "6",
        "6",
        "4",
        "-3",
        "4",
        "-4",
        "-4",
        "5",
        "-5",
        "5",
        "4",
        "-4",
        "5",
        "-4",
        "5",
        "-5",
        "-5",
        "5",
        "-4",
        "-5",
        "6",
        "5",
        "4",
        "-4",
        "5",
        "6",
        "-5",
        "6",
        "-6",
        "6",
        "-5",
        "5",
        "6",
        "6",
        "-6",
        "6",
        "6",
        "6",
        "5",
        "4",
        "-4",
        "5",
        "6",
        "-5",
        "6",
        "-6"
    ],
    "phrases": [
        32.31,
        29.08,
        25.97,
        17.78,
        13.38,
        7.47,
        5.22,
        0.0
    ],
    "chords": [
        1,
        1,
        1,
        1,
        1,
        1,
        1,
        1,
        1,
        1,
        1,
        1,
        1,
        1,
        1,
        1,
        1,
        1,
        1,
        1,
        1,
        1,
        1,
        1,
        1,
        1,
        1,
        1,
        1,
        1,
        1,
        1,
        1,
        1,
        1,
        1,
        1,
        1,
        1,
        1,
        1,
        1,
        1,
        1,
        1,
        1,
        1,
        1,
        1,
        1,
        1,
        1,
        1,
        1,
        1,
        1,
        1,
        1
    ]
}